method,step_size,approx_value,abs_error
euler,0.5,2.25,0.4682818284590451
rk4,0.5,2.71734619140625,0.0009356370527950908
euler,0.25,2.44140625,0.2768755784590451
rk4,0.25,2.718209939201323,7.188925772227961e-05
euler,0.1,2.5937424601,0.124539368359045
rk4,0.1,2.718279744135166,2.0843238792700447e-06
